"6","6","12","1.0","1.0","1.0","0.0","0.0","1.0","1.0","1.0","0.0","2.0","0.0","1.0","1.0","1.0","1.0","0.0","0.0","0.0","2.0","2.0","2.0","3.0","1.0","2.0","2.0","3.0","2.0","2.0","3.0","1.0","2.0","3.0","3.0","0.0","4.0","3.0","2.0","2.0","0.6359447004608295","#"
"2","4","6","0.0","0.0","1.0","0.0","0.0","0.0","1.0","0.0","0.0","0.0","1.0","0.0","0.0","2.0","0.0","0.0","1.0","0.0","1.0","0.0","1.0","1.0","0.0","1.0","0.0","1.0","1.0","0.0","0.0","4.0","0.0","1.0","2.0","1.0","3.0","3.0","3.0","3.0","0.4538152610441767","$"
"2","4","6","0.0","0.0","0.0","0.0","0.0","1.0","0.0","0.0","1.0","0.0","0.0","0.0","0.0","2.0","0.0","0.0","0.0","2.0","0.0","0.0","2.0","0.0","1.0","1.0","0.0","1.0","0.0","2.0","0.0","2.0","2.0","0.0","2.0","2.0","2.0","2.0","2.0","4.0","0.7424242424242424","&"
"2","0","2","1.0","0.0","0.0","0.0","0.0","0.0","0.0","0.0","1.0","0.0","0.0","0.0","0.0","0.0","0.0","0.0","0.0","0.0","1.0","0.0","1.0","1.0","0.0","1.0","1.0","0.0","0.0","1.0","0.0","0.0","0.0","0.0","0.0","0.0","0.0","0.0","0.0","0.0","0.28292682926829266","\"
"2","0","2","1.0","0.0","0.0","0.0","0.0","0.0","1.0","0.0","0.0","0.0","0.0","0.0","0.0","0.0","0.0","0.0","0.0","0.0","2.0","0.0","0.0","1.0","0.0","1.0","1.0","0.0","1.0","0.0","0.0","0.0","0.0","0.0","0.0","0.0","0.0","0.0","0.0","0.0","0.03773584905660377","'"
"2","0","2","0.0","0.0","1.0","0.0","0.0","0.0","0.0","0.0","1.0","0.0","0.0","0.0","0.0","0.0","0.0","0.0","0.0","0.0","0.0","0.0","2.0","1.0","0.0","1.0","0.0","1.0","0.0","1.0","0.0","0.0","0.0","0.0","0.0","0.0","0.0","0.0","0.0","0.0","0.20357142857142857","("
"2","0","2","1.0","0.0","0.0","0.0","0.0","0.0","1.0","0.0","0.0","0.0","0.0","0.0","0.0","0.0","0.0","0.0","0.0","0.0","2.0","0.0","0.0","1.0","0.0","1.0","1.0","0.0","1.0","0.0","0.0","0.0","0.0","0.0","0.0","0.0","0.0","0.0","0.0","0.0","0.1918819188191882",")"
"5","3","8","0.0","1.0","1.0","1.0","0.0","0.0","1.0","0.0","1.0","0.0","0.0","0.0","0.0","3.0","0.0","0.0","0.0","0.0","2.0","1.0","2.0","2.0","1.0","2.0","2.0","2.0","2.0","1.0","0.0","3.0","0.0","0.0","3.0","0.0","3.0","3.0","3.0","3.0","1.1285714285714286","*"
"4","1","5","0.0","1.0","0.0","1.0","0.0","1.0","0.0","1.0","0.0","0.0","0.0","0.0","0.0","1.0","0.0","0.0","0.0","0.0","1.0","2.0","1.0","1.0","2.0","1.0","2.0","2.0","2.0","2.0","0.0","1.0","0.0","0.0","1.0","0.0","1.0","1.0","1.0","1.0","0.9830508474576272","+"
"2","0","2","0.0","1.0","0.0","0.0","0.0","0.0","1.0","0.0","0.0","0.0","0.0","0.0","0.0","0.0","0.0","0.0","0.0","0.0","1.0","1.0","0.0","1.0","0.0","1.0","1.0","1.0","1.0","0.0","0.0","0.0","0.0","0.0","0.0","0.0","0.0","0.0","0.0","0.0","0.32653061224489793",","
"2","0","2","1.0","0.0","1.0","0.0","0.0","0.0","0.0","0.0","0.0","0.0","0.0","0.0","0.0","0.0","0.0","0.0","0.0","0.0","1.0","0.0","1.0","2.0","0.0","0.0","1.0","1.0","0.0","0.0","0.0","0.0","0.0","0.0","0.0","0.0","0.0","0.0","0.0","0.0","55.0","-"
"2","0","2","0.0","0.0","1.0","0.0","0.0","0.0","1.0","0.0","0.0","0.0","0.0","0.0","0.0","0.0","0.0","0.0","0.0","0.0","1.0","0.0","1.0","1.0","0.0","1.0","0.0","1.0","1.0","0.0","0.0","0.0","0.0","0.0","0.0","0.0","0.0","0.0","0.0","0.0","0.3425925925925926","/"
"0","0","0","0.0","0.0","0.0","0.0","0.0","0.0","0.0","0.0","0.0","0.0","0.0","0.0","0.0","0.0","0.0","0.0","0.0","0.0","0.0","0.0","0.0","0.0","0.0","0.0","0.0","0.0","0.0","0.0","0.0","0.0","0.0","0.0","0.0","0.0","0.0","0.0","0.0","0.0","0.5816326530612245","0"
"3","1","4","0.0","0.0","1.0","1.0","0.0","0.0","0.0","0.0","1.0","0.0","0.0","1.0","0.0","0.0","0.0","0.0","0.0","0.0","1.0","0.0","2.0","1.0","1.0","1.0","1.0","1.0","1.0","1.0","0.0","0.0","1.0","1.0","0.0","0.0","0.0","1.0","0.0","0.0","0.3645833333333333","1"
"2","1","3","1.0","0.0","0.0","0.0","0.0","0.0","0.0","0.0","1.0","0.0","0.0","0.0","0.0","0.0","0.0","1.0","0.0","0.0","1.0","0.0","1.0","1.0","0.0","1.0","1.0","0.0","0.0","1.0","1.0","0.0","0.0","0.0","0.0","1.0","0.0","0.0","1.0","0.0","0.6161616161616161","2"
"3","1","4","1.0","0.0","0.0","0.0","1.0","0.0","1.0","0.0","0.0","0.0","0.0","0.0","0.0","0.0","1.0","0.0","0.0","0.0","2.0","1.0","0.0","1.0","1.0","1.0","2.0","1.0","2.0","1.0","0.0","0.0","1.0","0.0","1.0","0.0","0.0","1.0","0.0","1.0","0.6173469387755102","3"
"2","1","3","0.0","0.0","0.0","0.0","0.0","0.0","0.0","0.0","2.0","0.0","0.0","0.0","0.0","0.0","0.0","0.0","0.0","1.0","0.0","0.0","2.0","0.0","0.0","2.0","0.0","0.0","0.0","2.0","0.0","0.0","1.0","0.0","0.0","1.0","0.0","0.0","0.0","1.0","0.6387434554973822","4"
"2","1","3","0.0","0.0","1.0","0.0","0.0","0.0","1.0","0.0","0.0","0.0","0.0","0.0","1.0","0.0","0.0","0.0","0.0","0.0","1.0","0.0","1.0","1.0","0.0","1.0","0.0","1.0","1.0","0.0","1.0","0.0","0.0","0.0","1.0","0.0","1.0","0.0","1.0","0.0","0.612565445026178","5"
"1","1","2","0.0","0.0","1.0","0.0","0.0","0.0","0.0","0.0","0.0","0.0","0.0","0.0","1.0","0.0","0.0","0.0","0.0","0.0","0.0","0.0","1.0","1.0","0.0","0.0","0.0","1.0","0.0","0.0","1.0","0.0","0.0","0.0","1.0","0.0","1.0","0.0","1.0","0.0","0.5867346938775511","6"
"2","0","2","1.0","0.0","0.0","0.0","0.0","0.0","1.0","0.0","0.0","0.0","0.0","0.0","0.0","0.0","0.0","0.0","0.0","0.0","2.0","0.0","0.0","1.0","0.0","1.0","1.0","0.0","1.0","0.0","0.0","0.0","0.0","0.0","0.0","0.0","0.0","0.0","0.0","0.0","0.5854922279792746","7"
"0","2","2","0.0","0.0","0.0","0.0","0.0","0.0","0.0","0.0","0.0","0.0","0.0","0.0","1.0","0.0","1.0","0.0","0.0","0.0","0.0","0.0","0.0","0.0","0.0","0.0","0.0","0.0","0.0","0.0","1.0","0.0","1.0","0.0","2.0","0.0","1.0","1.0","1.0","1.0","0.5867346938775511","8"
"1","1","2","0.0","0.0","0.0","0.0","0.0","0.0","1.0","0.0","0.0","0.0","0.0","0.0","0.0","0.0","1.0","0.0","0.0","0.0","1.0","0.0","0.0","0.0","0.0","1.0","0.0","0.0","1.0","0.0","0.0","0.0","1.0","0.0","1.0","0.0","0.0","1.0","0.0","1.0","0.5816326530612245","9"
"2","0","2","0.0","0.0","1.0","0.0","0.0","0.0","0.0","0.0","1.0","0.0","0.0","0.0","0.0","0.0","0.0","0.0","0.0","0.0","0.0","0.0","2.0","1.0","0.0","1.0","0.0","1.0","0.0","1.0","0.0","0.0","0.0","0.0","0.0","0.0","0.0","0.0","0.0","0.0","1.0677966101694916","<"
"2","0","2","1.0","0.0","0.0","0.0","0.0","0.0","1.0","0.0","0.0","0.0","0.0","0.0","0.0","0.0","0.0","0.0","0.0","0.0","2.0","0.0","0.0","1.0","0.0","1.0","1.0","0.0","1.0","0.0","0.0","0.0","0.0","0.0","0.0","0.0","0.0","0.0","0.0","0.0","1.0423728813559323",">"
"1","2","3","0.0","0.0","0.0","0.0","0.0","0.0","0.0","0.0","1.0","0.0","0.0","0.0","0.0","2.0","0.0","0.0","0.0","0.0","0.0","0.0","1.0","0.0","0.0","1.0","0.0","0.0","0.0","1.0","0.0","2.0","0.0","0.0","2.0","0.0","2.0","2.0","2.0","2.0","0.9923076923076923","@"
"2","2","4","0.0","0.0","0.0","0.0","0.0","0.0","1.0","0.0","1.0","0.0","0.0","0.0","1.0","0.0","1.0","0.0","0.0","0.0","1.0","0.0","1.0","0.0","0.0","2.0","0.0","0.0","1.0","1.0","1.0","0.0","1.0","0.0","2.0","0.0","1.0","1.0","1.0","1.0","0.88","A"
"0","2","2","0.0","0.0","0.0","0.0","0.0","0.0","0.0","0.0","0.0","0.0","0.0","0.0","1.0","0.0","1.0","0.0","0.0","0.0","0.0","0.0","0.0","0.0","0.0","0.0","0.0","0.0","0.0","0.0","1.0","0.0","1.0","0.0","2.0","0.0","1.0","1.0","1.0","1.0","0.7015706806282722","B"
"2","0","2","0.0","0.0","1.0","0.0","0.0","0.0","0.0","0.0","1.0","0.0","0.0","0.0","0.0","0.0","0.0","0.0","0.0","0.0","0.0","0.0","2.0","1.0","0.0","1.0","0.0","1.0","0.0","1.0","0.0","0.0","0.0","0.0","0.0","0.0","0.0","0.0","0.0","0.0","0.8629441624365483","C"
"0","0","0","0.0","0.0","0.0","0.0","0.0","0.0","0.0","0.0","0.0","0.0","0.0","0.0","0.0","0.0","0.0","0.0","0.0","0.0","0.0","0.0","0.0","0.0","0.0","0.0","0.0","0.0","0.0","0.0","0.0","0.0","0.0","0.0","0.0","0.0","0.0","0.0","0.0","0.0","0.7853403141361257","D"
"3","1","4","0.0","0.0","1.0","0.0","0.0","1.0","0.0","0.0","1.0","0.0","0.0","0.0","1.0","0.0","0.0","0.0","0.0","0.0","0.0","0.0","3.0","1.0","1.0","1.0","0.0","2.0","0.0","2.0","1.0","0.0","0.0","0.0","1.0","0.0","1.0","0.0","1.0","0.0","0.7015706806282722","E"
"3","1","4","0.0","0.0","1.0","0.0","0.0","1.0","1.0","0.0","0.0","0.0","0.0","0.0","1.0","0.0","0.0","0.0","0.0","0.0","1.0","0.0","2.0","1.0","1.0","1.0","0.0","2.0","1.0","1.0","1.0","0.0","0.0","0.0","1.0","0.0","1.0","0.0","1.0","0.0","0.6243386243386243","F"
"2","0","2","0.0","0.0","1.0","0.0","1.0","0.0","0.0","0.0","0.0","0.0","0.0","0.0","0.0","0.0","0.0","0.0","0.0","0.0","0.0","1.0","1.0","1.0","1.0","0.0","1.0","2.0","1.0","1.0","0.0","0.0","0.0","0.0","0.0","0.0","0.0","0.0","0.0","0.0","0.868020304568528","G"
"4","2","6","1.0","0.0","1.0","0.0","0.0","0.0","1.0","0.0","1.0","0.0","0.0","0.0","1.0","0.0","1.0","0.0","0.0","0.0","2.0","0.0","2.0","2.0","0.0","2.0","1.0","1.0","1.0","1.0","1.0","0.0","1.0","0.0","2.0","0.0","1.0","1.0","1.0","1.0","0.7540106951871658","H"
"2","0","2","1.0","0.0","0.0","0.0","0.0","0.0","1.0","0.0","0.0","0.0","0.0","0.0","0.0","0.0","0.0","0.0","0.0","0.0","2.0","0.0","0.0","1.0","0.0","1.0","1.0","0.0","1.0","0.0","0.0","0.0","0.0","0.0","0.0","0.0","0.0","0.0","0.0","0.0","0.0053475935828877","I"
"2","0","2","0.0","0.0","1.0","0.0","0.0","0.0","1.0","0.0","0.0","0.0","0.0","0.0","0.0","0.0","0.0","0.0","0.0","0.0","1.0","0.0","1.0","1.0","0.0","1.0","0.0","1.0","1.0","0.0","0.0","0.0","0.0","0.0","0.0","0.0","0.0","0.0","0.0","0.0","0.47643979057591623","J"
"4","2","6","1.0","0.0","1.0","0.0","0.0","0.0","1.0","0.0","1.0","0.0","0.0","0.0","1.0","1.0","0.0","0.0","0.0","0.0","2.0","0.0","2.0","2.0","0.0","2.0","1.0","1.0","1.0","1.0","1.0","1.0","0.0","0.0","2.0","0.0","2.0","1.0","2.0","1.0","0.7581395348837209","K"
"2","0","2","1.0","0.0","0.0","0.0","0.0","0.0","0.0","0.0","1.0","0.0","0.0","0.0","0.0","0.0","0.0","0.0","0.0","0.0","1.0","0.0","1.0","1.0","0.0","1.0","1.0","0.0","0.0","1.0","0.0","0.0","0.0","0.0","0.0","0.0","0.0","0.0","0.0","0.0","0.5714285714285714","L"
"2","0","2","0.0","0.0","0.0","0.0","0.0","0.0","1.0","0.0","1.0","0.0","0.0","0.0","0.0","0.0","0.0","0.0","0.0","0.0","1.0","0.0","1.0","0.0","0.0","2.0","0.0","0.0","1.0","1.0","0.0","0.0","0.0","0.0","0.0","0.0","0.0","0.0","0.0","0.0","0.9728260869565217","M"
"2","0","2","0.0","0.0","1.0","0.0","0.0","0.0","1.0","0.0","0.0","0.0","0.0","0.0","0.0","0.0","0.0","0.0","0.0","0.0","1.0","0.0","1.0","1.0","0.0","1.0","0.0","1.0","1.0","0.0","0.0","0.0","0.0","0.0","0.0","0.0","0.0","0.0","0.0","0.0","0.7606382978723404","N"
"0","0","0","0.0","0.0","0.0","0.0","0.0","0.0","0.0","0.0","0.0","0.0","0.0","0.0","0.0","0.0","0.0","0.0","0.0","0.0","0.0","0.0","0.0","0.0","0.0","0.0","0.0","0.0","0.0","0.0","0.0","0.0","0.0","0.0","0.0","0.0","0.0","0.0","0.0","0.0","0.8934010152284264","O"
"1","1","2","0.0","0.0","0.0","0.0","0.0","0.0","1.0","0.0","0.0","0.0","0.0","0.0","1.0","0.0","0.0","0.0","0.0","0.0","1.0","0.0","0.0","0.0","0.0","1.0","0.0","0.0","1.0","0.0","1.0","0.0","0.0","0.0","1.0","0.0","1.0","0.0","1.0","0.0","0.7195767195767195","P"
"2","2","4","0.0","0.0","0.0","0.0","0.0","0.0","0.0","1.0","1.0","0.0","0.0","0.0","0.0","0.0","0.0","0.0","0.0","2.0","0.0","1.0","1.0","0.0","0.0","2.0","0.0","0.0","1.0","2.0","0.0","0.0","2.0","0.0","0.0","2.0","0.0","0.0","0.0","2.0","0.8708133971291866","Q"
"2","2","4","0.0","0.0","0.0","0.0","0.0","0.0","1.0","0.0","1.0","0.0","0.0","0.0","1.0","1.0","0.0","0.0","0.0","0.0","1.0","0.0","1.0","0.0","0.0","2.0","0.0","0.0","1.0","1.0","1.0","1.0","0.0","0.0","2.0","0.0","2.0","1.0","2.0","1.0","0.8415841584158416","R"
"2","0","2","0.0","0.0","1.0","0.0","0.0","0.0","1.0","0.0","0.0","0.0","0.0","0.0","0.0","0.0","0.0","0.0","0.0","0.0","1.0","0.0","1.0","1.0","0.0","1.0","0.0","1.0","1.0","0.0","0.0","0.0","0.0","0.0","0.0","0.0","0.0","0.0","0.0","0.0","0.7157360406091371","S"
"3","1","4","1.0","0.0","1.0","0.0","0.0","0.0","0.0","1.0","0.0","0.0","1.0","0.0","0.0","0.0","0.0","0.0","0.0","0.0","1.0","1.0","1.0","2.0","0.0","1.0","1.0","1.0","1.0","1.0","0.0","1.0","0.0","1.0","0.0","0.0","1.0","1.0","0.0","0.0","0.7671957671957672","T"
"2","0","2","1.0","0.0","1.0","0.0","0.0","0.0","0.0","0.0","0.0","0.0","0.0","0.0","0.0","0.0","0.0","0.0","0.0","0.0","1.0","0.0","1.0","2.0","0.0","0.0","1.0","1.0","0.0","0.0","0.0","0.0","0.0","0.0","0.0","0.0","0.0","0.0","0.0","0.0","0.7421052631578947","U"
"2","0","2","1.0","0.0","1.0","0.0","0.0","0.0","0.0","0.0","0.0","0.0","0.0","0.0","0.0","0.0","0.0","0.0","0.0","0.0","1.0","0.0","1.0","2.0","0.0","0.0","1.0","1.0","0.0","0.0","0.0","0.0","0.0","0.0","0.0","0.0","0.0","0.0","0.0","0.0","0.8606965174129353","V"
"2","0","2","1.0","0.0","1.0","0.0","0.0","0.0","0.0","0.0","0.0","0.0","0.0","0.0","0.0","0.0","0.0","0.0","0.0","0.0","1.0","0.0","1.0","2.0","0.0","0.0","1.0","1.0","0.0","0.0","0.0","0.0","0.0","0.0","0.0","0.0","0.0","0.0","0.0","0.0","1.2864321608040201","W"
"4","2","6","1.0","0.0","1.0","0.0","0.0","0.0","1.0","0.0","1.0","0.0","0.0","0.0","0.0","2.0","0.0","0.0","0.0","0.0","2.0","0.0","2.0","2.0","0.0","2.0","1.0","1.0","1.0","1.0","0.0","2.0","0.0","0.0","2.0","0.0","2.0","2.0","2.0","2.0","0.8930232558139535","X"
"3","1","4","1.0","0.0","1.0","0.0","0.0","0.0","0.0","1.0","0.0","0.0","0.0","0.0","0.0","1.0","0.0","0.0","0.0","0.0","1.0","1.0","1.0","2.0","0.0","1.0","1.0","1.0","1.0","1.0","0.0","1.0","0.0","0.0","1.0","0.0","1.0","1.0","1.0","1.0","0.945273631840796","Y"
"2","0","2","1.0","0.0","0.0","0.0","0.0","0.0","0.0","0.0","1.0","0.0","0.0","0.0","0.0","0.0","0.0","0.0","0.0","0.0","1.0","0.0","1.0","1.0","0.0","1.0","1.0","0.0","0.0","1.0","0.0","0.0","0.0","0.0","0.0","0.0","0.0","0.0","0.0","0.0","0.7486910994764397","Z"
"2","0","2","0.0","0.0","1.0","0.0","0.0","0.0","0.0","0.0","1.0","0.0","0.0","0.0","0.0","0.0","0.0","0.0","0.0","0.0","0.0","0.0","2.0","1.0","0.0","1.0","0.0","1.0","0.0","1.0","0.0","0.0","0.0","0.0","0.0","0.0","0.0","0.0","0.0","0.0","0.13385826771653545","["
"2","0","2","1.0","0.0","0.0","0.0","0.0","0.0","0.0","0.0","1.0","0.0","0.0","0.0","0.0","0.0","0.0","0.0","0.0","0.0","1.0","0.0","1.0","1.0","0.0","1.0","1.0","0.0","0.0","1.0","0.0","0.0","0.0","0.0","0.0","0.0","0.0","0.0","0.0","0.0","0.28292682926829266","\"
"2","0","2","1.0","0.0","0.0","0.0","0.0","0.0","1.0","0.0","0.0","0.0","0.0","0.0","0.0","0.0","0.0","0.0","0.0","0.0","2.0","0.0","0.0","1.0","0.0","1.0","1.0","0.0","1.0","0.0","0.0","0.0","0.0","0.0","0.0","0.0","0.0","0.0","0.0","0.0","0.13385826771653545","]"
"2","0","2","0.0","0.0","0.0","0.0","0.0","0.0","1.0","0.0","1.0","0.0","0.0","0.0","0.0","0.0","0.0","0.0","0.0","0.0","1.0","0.0","1.0","0.0","0.0","2.0","0.0","0.0","1.0","1.0","0.0","0.0","0.0","0.0","0.0","0.0","0.0","0.0","0.0","0.0","1.1714285714285715","^"
"2","0","2","1.0","0.0","1.0","0.0","0.0","0.0","0.0","0.0","0.0","0.0","0.0","0.0","0.0","0.0","0.0","0.0","0.0","0.0","1.0","0.0","1.0","2.0","0.0","0.0","1.0","1.0","0.0","0.0","0.0","0.0","0.0","0.0","0.0","0.0","0.0","0.0","0.0","0.0","156.0","_"
"2","0","2","1.0","0.0","0.0","0.0","0.0","0.0","0.0","0.0","1.0","0.0","0.0","0.0","0.0","0.0","0.0","0.0","0.0","0.0","1.0","0.0","1.0","1.0","0.0","1.0","1.0","0.0","0.0","1.0","0.0","0.0","0.0","0.0","0.0","0.0","0.0","0.0","0.0","0.0","1.225","`"
"2","2","4","1.0","0.0","0.0","0.0","0.0","0.0","0.0","0.0","1.0","0.0","0.0","0.0","0.0","0.0","1.0","0.0","0.0","1.0","1.0","0.0","1.0","1.0","0.0","1.0","1.0","0.0","0.0","1.0","0.0","0.0","2.0","0.0","1.0","1.0","0.0","1.0","0.0","2.0","0.8648648648648649","a"
"1","2","3","1.0","0.0","0.0","0.0","0.0","0.0","0.0","0.0","0.0","0.0","0.0","0.0","1.0","0.0","0.0","1.0","0.0","0.0","1.0","0.0","0.0","1.0","0.0","0.0","1.0","0.0","0.0","0.0","2.0","0.0","0.0","0.0","1.0","1.0","1.0","0.0","2.0","0.0","0.5670103092783505","b"
"2","0","2","0.0","0.0","1.0","0.0","0.0","0.0","0.0","0.0","1.0","0.0","0.0","0.0","0.0","0.0","0.0","0.0","0.0","0.0","0.0","0.0","2.0","1.0","0.0","1.0","0.0","1.0","0.0","1.0","0.0","0.0","0.0","0.0","0.0","0.0","0.0","0.0","0.0","0.0","0.85","c"
"1","1","2","0.0","0.0","1.0","0.0","0.0","0.0","0.0","0.0","0.0","0.0","0.0","0.0","0.0","0.0","1.0","0.0","0.0","0.0","0.0","0.0","1.0","1.0","0.0","0.0","0.0","1.0","0.0","0.0","0.0","0.0","1.0","0.0","1.0","0.0","0.0","1.0","0.0","1.0","0.5670103092783505","d"
"1","1","2","0.0","0.0","0.0","0.0","0.0","0.0","0.0","0.0","1.0","0.0","0.0","0.0","1.0","0.0","0.0","0.0","0.0","0.0","0.0","0.0","1.0","0.0","0.0","1.0","0.0","0.0","0.0","1.0","1.0","0.0","0.0","0.0","1.0","0.0","1.0","0.0","1.0","0.0","0.8928571428571429","e"
"4","1","5","1.0","0.0","2.0","0.0","0.0","0.0","0.0","1.0","0.0","0.0","1.0","0.0","0.0","0.0","0.0","0.0","0.0","0.0","1.0","1.0","2.0","3.0","0.0","1.0","1.0","2.0","1.0","1.0","0.0","1.0","0.0","1.0","0.0","0.0","1.0","1.0","0.0","0.0","0.33678756476683935","f"
"1","2","3","0.0","0.0","0.0","0.0","0.0","0.0","1.0","0.0","0.0","0.0","0.0","1.0","0.0","0.0","1.0","0.0","0.0","0.0","1.0","0.0","0.0","0.0","0.0","1.0","0.0","0.0","1.0","0.0","0.0","0.0","2.0","1.0","1.0","0.0","0.0","2.0","0.0","1.0","0.58","g"
"3","1","4","1.0","0.0","0.0","0.0","0.0","0.0","1.0","0.0","1.0","0.0","0.0","0.0","1.0","0.0","0.0","0.0","0.0","0.0","2.0","0.0","1.0","1.0","0.0","2.0","1.0","0.0","1.0","1.0","1.0","0.0","0.0","0.0","1.0","0.0","1.0","0.0","1.0","0.0","0.5343915343915344","h"
"4","2","6","1.0","0.0","1.0","0.0","0.0","0.0","1.0","0.0","1.0","0.0","0.0","0.0","2.0","0.0","0.0","0.0","0.0","0.0","2.0","0.0","2.0","2.0","0.0","2.0","1.0","1.0","1.0","1.0","2.0","0.0","0.0","0.0","2.0","0.0","2.0","0.0","2.0","0.0","0.5621890547263682","k"
"2","0","2","1.0","0.0","0.0","0.0","0.0","0.0","1.0","0.0","0.0","0.0","0.0","0.0","0.0","0.0","0.0","0.0","0.0","0.0","2.0","0.0","0.0","1.0","0.0","1.0","1.0","0.0","1.0","0.0","0.0","0.0","0.0","0.0","0.0","0.0","0.0","0.0","0.0","0.0","0.005291005291005291","l"
"3","1","4","0.0","0.0","0.0","0.0","0.0","0.0","1.0","1.0","1.0","0.0","1.0","0.0","0.0","0.0","0.0","0.0","0.0","0.0","1.0","1.0","1.0","0.0","0.0","3.0","0.0","0.0","2.0","2.0","0.0","1.0","0.0","1.0","0.0","0.0","1.0","1.0","0.0","0.0","1.3777777777777778","m"
"3","1","4","1.0","0.0","0.0","0.0","0.0","0.0","1.0","0.0","1.0","1.0","0.0","0.0","0.0","0.0","0.0","0.0","0.0","0.0","2.0","0.0","1.0","1.0","0.0","2.0","1.0","0.0","1.0","1.0","1.0","0.0","0.0","1.0","0.0","0.0","1.0","0.0","0.0","0.0","0.7555555555555555","n"
"0","0","0","0.0","0.0","0.0","0.0","0.0","0.0","0.0","0.0","0.0","0.0","0.0","0.0","0.0","0.0","0.0","0.0","0.0","0.0","0.0","0.0","0.0","0.0","0.0","0.0","0.0","0.0","0.0","0.0","0.0","0.0","0.0","0.0","0.0","0.0","0.0","0.0","0.0","0.0","0.85","o"
"1","1","2","0.0","0.0","0.0","0.0","0.0","0.0","1.0","0.0","0.0","0.0","0.0","0.0","1.0","0.0","0.0","0.0","0.0","0.0","1.0","0.0","0.0","0.0","0.0","1.0","0.0","0.0","1.0","0.0","1.0","0.0","0.0","0.0","1.0","0.0","1.0","0.0","1.0","0.0","0.5612244897959183","p"
"1","2","3","0.0","0.0","0.0","0.0","0.0","0.0","0.0","0.0","1.0","0.0","0.0","1.0","0.0","0.0","1.0","0.0","0.0","0.0","0.0","0.0","1.0","0.0","0.0","1.0","0.0","0.0","0.0","1.0","0.0","0.0","2.0","1.0","1.0","0.0","0.0","2.0","0.0","1.0","0.5612244897959183","q"
"3","1","4","1.0","0.0","1.0","0.0","0.0","0.0","1.0","0.0","0.0","1.0","0.0","0.0","0.0","0.0","0.0","0.0","0.0","0.0","2.0","0.0","1.0","2.0","0.0","1.0","1.0","1.0","1.0","0.0","1.0","0.0","0.0","1.0","0.0","0.0","1.0","0.0","0.0","0.0","0.48148148148148145","r"
"2","0","2","0.0","0.0","1.0","0.0","0.0","0.0","1.0","0.0","0.0","0.0","0.0","0.0","0.0","0.0","0.0","0.0","0.0","0.0","1.0","0.0","1.0","1.0","0.0","1.0","0.0","1.0","1.0","0.0","0.0","0.0","0.0","0.0","0.0","0.0","0.0","0.0","0.0","0.0","0.7071428571428572","s"
"4","1","5","1.0","1.0","1.0","0.0","0.0","0.0","0.0","0.0","1.0","0.0","1.0","0.0","0.0","0.0","0.0","0.0","0.0","0.0","1.0","1.0","2.0","3.0","0.0","1.0","2.0","2.0","0.0","1.0","0.0","1.0","0.0","1.0","0.0","0.0","1.0","1.0","0.0","0.0","0.2562814070351759","t"
"3","1","4","1.0","0.0","1.0","0.0","0.0","0.0","0.0","0.0","1.0","0.0","0.0","0.0","0.0","0.0","0.0","0.0","0.0","1.0","1.0","0.0","2.0","2.0","0.0","1.0","1.0","1.0","0.0","1.0","0.0","0.0","1.0","0.0","0.0","1.0","0.0","0.0","0.0","1.0","0.7686567164179104","u"
"2","0","2","1.0","0.0","1.0","0.0","0.0","0.0","0.0","0.0","0.0","0.0","0.0","0.0","0.0","0.0","0.0","0.0","0.0","0.0","1.0","0.0","1.0","2.0","0.0","0.0","1.0","1.0","0.0","0.0","0.0","0.0","0.0","0.0","0.0","0.0","0.0","0.0","0.0","0.0","0.8623188405797102","v"
"2","0","2","1.0","0.0","1.0","0.0","0.0","0.0","0.0","0.0","0.0","0.0","0.0","0.0","0.0","0.0","0.0","0.0","0.0","0.0","1.0","0.0","1.0","2.0","0.0","0.0","1.0","1.0","0.0","0.0","0.0","0.0","0.0","0.0","0.0","0.0","0.0","0.0","0.0","0.0","1.3722627737226278","w"
"4","2","6","1.0","0.0","1.0","0.0","0.0","0.0","1.0","0.0","1.0","0.0","0.0","0.0","0.0","2.0","0.0","0.0","0.0","0.0","2.0","0.0","2.0","2.0","0.0","2.0","1.0","1.0","1.0","1.0","0.0","2.0","0.0","0.0","2.0","0.0","2.0","2.0","2.0","2.0","0.8961038961038961","x"
"3","1","4","1.0","0.0","1.0","0.0","0.0","0.0","1.0","0.0","0.0","0.0","0.0","0.0","0.0","1.0","0.0","0.0","0.0","0.0","2.0","0.0","1.0","2.0","0.0","1.0","1.0","1.0","1.0","0.0","0.0","1.0","0.0","0.0","1.0","0.0","1.0","1.0","1.0","1.0","0.5911330049261084","y"
"2","0","2","1.0","0.0","0.0","0.0","0.0","0.0","0.0","0.0","1.0","0.0","0.0","0.0","0.0","0.0","0.0","0.0","0.0","0.0","1.0","0.0","1.0","1.0","0.0","1.0","1.0","0.0","0.0","1.0","0.0","0.0","0.0","0.0","0.0","0.0","0.0","0.0","0.0","0.0","0.7971014492753623","z"
"2","0","2","0.0","0.0","1.0","0.0","0.0","0.0","0.0","0.0","1.0","0.0","0.0","0.0","0.0","0.0","0.0","0.0","0.0","0.0","0.0","0.0","2.0","1.0","0.0","1.0","0.0","1.0","0.0","1.0","0.0","0.0","0.0","0.0","0.0","0.0","0.0","0.0","0.0","0.0","0.2441860465116279","{"
"2","0","2","1.0","0.0","0.0","0.0","0.0","0.0","1.0","0.0","0.0","0.0","0.0","0.0","0.0","0.0","0.0","0.0","0.0","0.0","2.0","0.0","0.0","1.0","0.0","1.0","1.0","0.0","1.0","0.0","0.0","0.0","0.0","0.0","0.0","0.0","0.0","0.0","0.0","0.0","0.0038461538461538464","|"
"2","0","2","1.0","0.0","0.0","0.0","0.0","0.0","1.0","0.0","0.0","0.0","0.0","0.0","0.0","0.0","0.0","0.0","0.0","0.0","2.0","0.0","0.0","1.0","0.0","1.0","1.0","0.0","1.0","0.0","0.0","0.0","0.0","0.0","0.0","0.0","0.0","0.0","0.0","0.0","0.24324324324324326","}"
"2","0","2","0.0","0.0","1.0","0.0","0.0","0.0","1.0","0.0","0.0","0.0","0.0","0.0","0.0","0.0","0.0","0.0","0.0","0.0","1.0","0.0","1.0","1.0","0.0","1.0","0.0","1.0","1.0","0.0","0.0","0.0","0.0","0.0","0.0","0.0","0.0","0.0","0.0","0.0","3.6341463414634148","~"
